url,id
https://hotel.meituan.com/190704844/,190704844
https://hotel.meituan.com/672253/,672253
https://hotel.meituan.com/195860053/,195860053
https://hotel.meituan.com/157242092/,157242092
https://hotel.meituan.com/573009/,573009
https://hotel.meituan.com/2438685/,2438685
https://hotel.meituan.com/665120/,665120
https://hotel.meituan.com/188031269/,188031269
https://hotel.meituan.com/169958689/,169958689
https://hotel.meituan.com/83511494/,83511494
https://hotel.meituan.com/163529562/,163529562
https://hotel.meituan.com/162890879/,162890879
https://hotel.meituan.com/160541278/,160541278
https://hotel.meituan.com/1157145/,1157145
https://hotel.meituan.com/2459939/,2459939
https://hotel.meituan.com/5241761/,5241761
https://hotel.meituan.com/50885408/,50885408
https://hotel.meituan.com/99385818/,99385818
https://hotel.meituan.com/110924648/,110924648
https://hotel.meituan.com/1163979/,1163979
https://hotel.meituan.com/156658051/,156658051
https://hotel.meituan.com/67700087/,67700087
https://hotel.meituan.com/1565344/,1565344
https://hotel.meituan.com/191719233/,191719233
https://hotel.meituan.com/175319278/,175319278
https://hotel.meituan.com/1443090/,1443090
https://hotel.meituan.com/193969700/,193969700
https://hotel.meituan.com/2533549/,2533549
https://hotel.meituan.com/30518/,30518
https://hotel.meituan.com/665558/,665558
https://hotel.meituan.com/1515355/,1515355
https://hotel.meituan.com/192641640/,192641640
https://hotel.meituan.com/50521755/,50521755
https://hotel.meituan.com/101059165/,101059165
https://hotel.meituan.com/191288349/,191288349
https://hotel.meituan.com/81101328/,81101328
https://hotel.meituan.com/42517250/,42517250
https://hotel.meituan.com/1172325/,1172325
https://hotel.meituan.com/1497971/,1497971
https://hotel.meituan.com/1543167/,1543167
https://hotel.meituan.com/2466660/,2466660
https://hotel.meituan.com/2526511/,2526511
https://hotel.meituan.com/192300995/,192300995
https://hotel.meituan.com/5789439/,5789439
https://hotel.meituan.com/88392915/,88392915
https://hotel.meituan.com/2400904/,2400904
https://hotel.meituan.com/40987833/,40987833
https://hotel.meituan.com/175328208/,175328208
https://hotel.meituan.com/674065/,674065
https://hotel.meituan.com/2488415/,2488415
https://hotel.meituan.com/164014775/,164014775
https://hotel.meituan.com/1172309/,1172309
https://hotel.meituan.com/4670514/,4670514
https://hotel.meituan.com/52130026/,52130026
https://hotel.meituan.com/175335854/,175335854
https://hotel.meituan.com/112676175/,112676175
https://hotel.meituan.com/169147898/,169147898
https://hotel.meituan.com/187314975/,187314975
https://hotel.meituan.com/682839/,682839
https://hotel.meituan.com/5925216/,5925216
https://hotel.meituan.com/2364573/,2364573
https://hotel.meituan.com/92289363/,92289363
https://hotel.meituan.com/1161331/,1161331
https://hotel.meituan.com/6792202/,6792202
https://hotel.meituan.com/41032217/,41032217
https://hotel.meituan.com/41419509/,41419509
https://hotel.meituan.com/156641201/,156641201
https://hotel.meituan.com/1099092/,1099092
https://hotel.meituan.com/5587812/,5587812
https://hotel.meituan.com/1485570/,1485570
https://hotel.meituan.com/164980877/,164980877
https://hotel.meituan.com/2367600/,2367600
https://hotel.meituan.com/97345716/,97345716
https://hotel.meituan.com/96907664/,96907664
https://hotel.meituan.com/1052477/,1052477
https://hotel.meituan.com/151068547/,151068547
https://hotel.meituan.com/71484152/,71484152
https://hotel.meituan.com/667543/,667543
https://hotel.meituan.com/116014495/,116014495
https://hotel.meituan.com/165826792/,165826792
https://hotel.meituan.com/6414934/,6414934
https://hotel.meituan.com/175346464/,175346464
https://hotel.meituan.com/1485538/,1485538
https://hotel.meituan.com/63381583/,63381583
https://hotel.meituan.com/668618/,668618
https://hotel.meituan.com/6697273/,6697273
https://hotel.meituan.com/41407215/,41407215
https://hotel.meituan.com/107188856/,107188856
https://hotel.meituan.com/3312222/,3312222
https://hotel.meituan.com/96347599/,96347599
https://hotel.meituan.com/96945533/,96945533
https://hotel.meituan.com/165060928/,165060928
https://hotel.meituan.com/666191/,666191
https://hotel.meituan.com/1524252/,1524252
https://hotel.meituan.com/52781865/,52781865
https://hotel.meituan.com/1518983/,1518983
https://hotel.meituan.com/1110669/,1110669
https://hotel.meituan.com/2460892/,2460892
https://hotel.meituan.com/2574080/,2574080
https://hotel.meituan.com/4367483/,4367483
https://hotel.meituan.com/182470426/,182470426
https://hotel.meituan.com/2444309/,2444309
https://hotel.meituan.com/6113911/,6113911
https://hotel.meituan.com/164725315/,164725315
https://hotel.meituan.com/190419068/,190419068
https://hotel.meituan.com/2444317/,2444317
https://hotel.meituan.com/190436369/,190436369
https://hotel.meituan.com/658627/,658627
https://hotel.meituan.com/2514652/,2514652
https://hotel.meituan.com/2538059/,2538059
https://hotel.meituan.com/2444315/,2444315
https://hotel.meituan.com/669438/,669438
https://hotel.meituan.com/5298018/,5298018
https://hotel.meituan.com/4338253/,4338253
https://hotel.meituan.com/80516933/,80516933
https://hotel.meituan.com/163004713/,163004713
https://hotel.meituan.com/664990/,664990
https://hotel.meituan.com/2417348/,2417348
https://hotel.meituan.com/185022020/,185022020
https://hotel.meituan.com/2444386/,2444386
https://hotel.meituan.com/162340367/,162340367
https://hotel.meituan.com/666992/,666992
https://hotel.meituan.com/1172313/,1172313
https://hotel.meituan.com/2444393/,2444393
https://hotel.meituan.com/1542688/,1542688
https://hotel.meituan.com/1525573/,1525573
https://hotel.meituan.com/5314441/,5314441
https://hotel.meituan.com/682533/,682533
https://hotel.meituan.com/40668694/,40668694
https://hotel.meituan.com/667383/,667383
https://hotel.meituan.com/2634814/,2634814
https://hotel.meituan.com/2451795/,2451795
https://hotel.meituan.com/162872782/,162872782
https://hotel.meituan.com/2436291/,2436291
https://hotel.meituan.com/1496354/,1496354
https://hotel.meituan.com/189711784/,189711784
https://hotel.meituan.com/112872931/,112872931
https://hotel.meituan.com/79077912/,79077912
https://hotel.meituan.com/5872366/,5872366
https://hotel.meituan.com/93491795/,93491795
https://hotel.meituan.com/1496563/,1496563
https://hotel.meituan.com/666991/,666991
https://hotel.meituan.com/175325481/,175325481
https://hotel.meituan.com/125351172/,125351172
https://hotel.meituan.com/192278662/,192278662
https://hotel.meituan.com/193686069/,193686069
https://hotel.meituan.com/108468407/,108468407
https://hotel.meituan.com/72770086/,72770086
https://hotel.meituan.com/71445059/,71445059
https://hotel.meituan.com/52586092/,52586092
https://hotel.meituan.com/17650/,17650
https://hotel.meituan.com/117298328/,117298328
https://hotel.meituan.com/165050146/,165050146
https://hotel.meituan.com/1537104/,1537104
https://hotel.meituan.com/6870163/,6870163
https://hotel.meituan.com/666352/,666352
https://hotel.meituan.com/1553447/,1553447
https://hotel.meituan.com/185747051/,185747051
https://hotel.meituan.com/1529541/,1529541
https://hotel.meituan.com/41921059/,41921059
https://hotel.meituan.com/92234157/,92234157
https://hotel.meituan.com/2385329/,2385329
https://hotel.meituan.com/1152528/,1152528
https://hotel.meituan.com/100170711/,100170711
https://hotel.meituan.com/175157345/,175157345
https://hotel.meituan.com/668760/,668760
https://hotel.meituan.com/2742701/,2742701
https://hotel.meituan.com/669266/,669266
https://hotel.meituan.com/6504218/,6504218
https://hotel.meituan.com/4293251/,4293251
https://hotel.meituan.com/83458233/,83458233
https://hotel.meituan.com/191484814/,191484814
https://hotel.meituan.com/5423977/,5423977
https://hotel.meituan.com/190559973/,190559973
https://hotel.meituan.com/674171/,674171
https://hotel.meituan.com/665557/,665557
https://hotel.meituan.com/192042024/,192042024
https://hotel.meituan.com/190615474/,190615474
https://hotel.meituan.com/164485264/,164485264
https://hotel.meituan.com/50636294/,50636294
https://hotel.meituan.com/159553241/,159553241
https://hotel.meituan.com/177409866/,177409866
https://hotel.meituan.com/2386986/,2386986
https://hotel.meituan.com/41438925/,41438925
https://hotel.meituan.com/169313345/,169313345
https://hotel.meituan.com/5888897/,5888897
https://hotel.meituan.com/2478298/,2478298
https://hotel.meituan.com/90532064/,90532064
https://hotel.meituan.com/6131316/,6131316
https://hotel.meituan.com/4946825/,4946825
https://hotel.meituan.com/115470579/,115470579
https://hotel.meituan.com/79750449/,79750449
https://hotel.meituan.com/1417190/,1417190
https://hotel.meituan.com/4366603/,4366603
https://hotel.meituan.com/159017592/,159017592
https://hotel.meituan.com/4771602/,4771602
https://hotel.meituan.com/40512561/,40512561
https://hotel.meituan.com/162906132/,162906132
https://hotel.meituan.com/95199831/,95199831
https://hotel.meituan.com/6369829/,6369829
https://hotel.meituan.com/664906/,664906
https://hotel.meituan.com/68266503/,68266503
https://hotel.meituan.com/101977509/,101977509
https://hotel.meituan.com/52949474/,52949474
https://hotel.meituan.com/6815260/,6815260
https://hotel.meituan.com/159862820/,159862820
https://hotel.meituan.com/165403475/,165403475
https://hotel.meituan.com/52178/,52178
https://hotel.meituan.com/165712980/,165712980
https://hotel.meituan.com/40469463/,40469463
https://hotel.meituan.com/2410706/,2410706
https://hotel.meituan.com/666861/,666861
https://hotel.meituan.com/67662564/,67662564
https://hotel.meituan.com/41033347/,41033347
https://hotel.meituan.com/164975521/,164975521
https://hotel.meituan.com/2550253/,2550253
https://hotel.meituan.com/165499698/,165499698
https://hotel.meituan.com/150100907/,150100907
https://hotel.meituan.com/2371471/,2371471
https://hotel.meituan.com/95435885/,95435885
https://hotel.meituan.com/164082093/,164082093
https://hotel.meituan.com/2381416/,2381416
https://hotel.meituan.com/5595321/,5595321
https://hotel.meituan.com/41682346/,41682346
https://hotel.meituan.com/2464308/,2464308
https://hotel.meituan.com/114261089/,114261089
https://hotel.meituan.com/6722389/,6722389
https://hotel.meituan.com/1152516/,1152516
https://hotel.meituan.com/1537097/,1537097
https://hotel.meituan.com/106034134/,106034134
https://hotel.meituan.com/1052484/,1052484
https://hotel.meituan.com/162142985/,162142985
https://hotel.meituan.com/1163981/,1163981
https://hotel.meituan.com/40011822/,40011822
https://hotel.meituan.com/2473290/,2473290
https://hotel.meituan.com/2507730/,2507730
https://hotel.meituan.com/665597/,665597
https://hotel.meituan.com/4863595/,4863595
https://hotel.meituan.com/95448963/,95448963
https://hotel.meituan.com/165622923/,165622923
https://hotel.meituan.com/175276029/,175276029
https://hotel.meituan.com/163987500/,163987500
https://hotel.meituan.com/3243028/,3243028
https://hotel.meituan.com/165703140/,165703140
https://hotel.meituan.com/162848116/,162848116
https://hotel.meituan.com/157098197/,157098197
https://hotel.meituan.com/158697667/,158697667
https://hotel.meituan.com/60302387/,60302387
https://hotel.meituan.com/150460543/,150460543
https://hotel.meituan.com/5281572/,5281572
https://hotel.meituan.com/160755908/,160755908
https://hotel.meituan.com/60209526/,60209526
https://hotel.meituan.com/1570127/,1570127
https://hotel.meituan.com/4325469/,4325469
https://hotel.meituan.com/177445053/,177445053
https://hotel.meituan.com/1220260/,1220260
https://hotel.meituan.com/119003572/,119003572
https://hotel.meituan.com/2389779/,2389779
https://hotel.meituan.com/1163982/,1163982
https://hotel.meituan.com/51477716/,51477716
https://hotel.meituan.com/97380254/,97380254
https://hotel.meituan.com/70652708/,70652708
https://hotel.meituan.com/6841171/,6841171
https://hotel.meituan.com/116237489/,116237489
https://hotel.meituan.com/2606857/,2606857
https://hotel.meituan.com/113576271/,113576271
https://hotel.meituan.com/157120320/,157120320
https://hotel.meituan.com/5703423/,5703423
https://hotel.meituan.com/174313221/,174313221
https://hotel.meituan.com/159615739/,159615739
https://hotel.meituan.com/159867273/,159867273
https://hotel.meituan.com/4028751/,4028751
https://hotel.meituan.com/164093868/,164093868
https://hotel.meituan.com/5558806/,5558806
https://hotel.meituan.com/1573852/,1573852
https://hotel.meituan.com/91384836/,91384836
https://hotel.meituan.com/93597165/,93597165
https://hotel.meituan.com/150385425/,150385425
https://hotel.meituan.com/156871249/,156871249
https://hotel.meituan.com/101080943/,101080943
https://hotel.meituan.com/97298171/,97298171
https://hotel.meituan.com/4538583/,4538583
https://hotel.meituan.com/4984887/,4984887
https://hotel.meituan.com/2421162/,2421162
https://hotel.meituan.com/74384/,74384
https://hotel.meituan.com/6150391/,6150391
https://hotel.meituan.com/5887160/,5887160
https://hotel.meituan.com/168880366/,168880366
https://hotel.meituan.com/174502853/,174502853
https://hotel.meituan.com/159562911/,159562911
https://hotel.meituan.com/61879728/,61879728
https://hotel.meituan.com/682598/,682598
https://hotel.meituan.com/674447/,674447
https://hotel.meituan.com/125038056/,125038056
https://hotel.meituan.com/160248247/,160248247
https://hotel.meituan.com/5748522/,5748522
https://hotel.meituan.com/152553093/,152553093
https://hotel.meituan.com/116205780/,116205780
https://hotel.meituan.com/65255350/,65255350
https://hotel.meituan.com/108595730/,108595730
https://hotel.meituan.com/41380164/,41380164
https://hotel.meituan.com/93033419/,93033419
https://hotel.meituan.com/2493252/,2493252
https://hotel.meituan.com/3269420/,3269420
https://hotel.meituan.com/164295045/,164295045
https://hotel.meituan.com/676415/,676415
https://hotel.meituan.com/42650523/,42650523
https://hotel.meituan.com/165457026/,165457026
https://hotel.meituan.com/95894376/,95894376
https://hotel.meituan.com/41980934/,41980934
https://hotel.meituan.com/98803593/,98803593
https://hotel.meituan.com/80287066/,80287066
https://hotel.meituan.com/5145992/,5145992
https://hotel.meituan.com/41460374/,41460374
https://hotel.meituan.com/177442768/,177442768
https://hotel.meituan.com/4240209/,4240209
https://hotel.meituan.com/169493827/,169493827
https://hotel.meituan.com/40805843/,40805843
https://hotel.meituan.com/70300448/,70300448
https://hotel.meituan.com/1539327/,1539327
https://hotel.meituan.com/6121645/,6121645
https://hotel.meituan.com/3263161/,3263161
https://hotel.meituan.com/4644346/,4644346
https://hotel.meituan.com/1560941/,1560941
https://hotel.meituan.com/50868377/,50868377
https://hotel.meituan.com/69801346/,69801346
https://hotel.meituan.com/41121575/,41121575
https://hotel.meituan.com/664865/,664865
https://hotel.meituan.com/157797261/,157797261
https://hotel.meituan.com/161107552/,161107552
https://hotel.meituan.com/1156363/,1156363
https://hotel.meituan.com/40220636/,40220636
https://hotel.meituan.com/169381554/,169381554
https://hotel.meituan.com/160051303/,160051303
https://hotel.meituan.com/2606701/,2606701
https://hotel.meituan.com/2365414/,2365414
https://hotel.meituan.com/71006977/,71006977
https://hotel.meituan.com/41782684/,41782684
https://hotel.meituan.com/65955190/,65955190
https://hotel.meituan.com/98083201/,98083201
https://hotel.meituan.com/2455466/,2455466
https://hotel.meituan.com/2606618/,2606618
https://hotel.meituan.com/2449073/,2449073
https://hotel.meituan.com/52179/,52179
https://hotel.meituan.com/61549644/,61549644
https://hotel.meituan.com/86273/,86273
https://hotel.meituan.com/674124/,674124
https://hotel.meituan.com/5574926/,5574926
https://hotel.meituan.com/83743507/,83743507
https://hotel.meituan.com/3292136/,3292136
https://hotel.meituan.com/2415488/,2415488
https://hotel.meituan.com/6386510/,6386510
https://hotel.meituan.com/97568816/,97568816
https://hotel.meituan.com/158649857/,158649857
https://hotel.meituan.com/2444270/,2444270
https://hotel.meituan.com/165047745/,165047745
https://hotel.meituan.com/5556382/,5556382
https://hotel.meituan.com/89974/,89974
https://hotel.meituan.com/67887/,67887
https://hotel.meituan.com/165352248/,165352248
https://hotel.meituan.com/6455461/,6455461
https://hotel.meituan.com/1550373/,1550373
https://hotel.meituan.com/157300949/,157300949
https://hotel.meituan.com/164961960/,164961960
https://hotel.meituan.com/5185011/,5185011
https://hotel.meituan.com/101809218/,101809218
https://hotel.meituan.com/4699464/,4699464
https://hotel.meituan.com/175374555/,175374555
https://hotel.meituan.com/110821441/,110821441
https://hotel.meituan.com/158712670/,158712670
https://hotel.meituan.com/676408/,676408
https://hotel.meituan.com/50155377/,50155377
https://hotel.meituan.com/665004/,665004
https://hotel.meituan.com/2443298/,2443298
https://hotel.meituan.com/94941146/,94941146
https://hotel.meituan.com/50708021/,50708021
https://hotel.meituan.com/2504951/,2504951
https://hotel.meituan.com/1553692/,1553692
https://hotel.meituan.com/51585340/,51585340
https://hotel.meituan.com/1564004/,1564004
https://hotel.meituan.com/2468293/,2468293
https://hotel.meituan.com/93181903/,93181903
https://hotel.meituan.com/2377178/,2377178
https://hotel.meituan.com/100327448/,100327448
https://hotel.meituan.com/72879847/,72879847
https://hotel.meituan.com/157677174/,157677174
https://hotel.meituan.com/2448920/,2448920
https://hotel.meituan.com/74854/,74854
https://hotel.meituan.com/51563031/,51563031
https://hotel.meituan.com/4156584/,4156584
https://hotel.meituan.com/4745994/,4745994
https://hotel.meituan.com/674270/,674270
https://hotel.meituan.com/6770902/,6770902
https://hotel.meituan.com/1163523/,1163523
https://hotel.meituan.com/164296209/,164296209
https://hotel.meituan.com/1400385/,1400385
https://hotel.meituan.com/153642396/,153642396
https://hotel.meituan.com/175462589/,175462589
https://hotel.meituan.com/157808572/,157808572
https://hotel.meituan.com/1564749/,1564749
https://hotel.meituan.com/6273484/,6273484
https://hotel.meituan.com/62074897/,62074897
https://hotel.meituan.com/5399695/,5399695
https://hotel.meituan.com/122090240/,122090240
https://hotel.meituan.com/2548032/,2548032
https://hotel.meituan.com/4703936/,4703936
https://hotel.meituan.com/2374506/,2374506
https://hotel.meituan.com/40386099/,40386099
https://hotel.meituan.com/5419523/,5419523
https://hotel.meituan.com/2444312/,2444312
https://hotel.meituan.com/87553028/,87553028
https://hotel.meituan.com/1537180/,1537180
https://hotel.meituan.com/4231867/,4231867
https://hotel.meituan.com/41066628/,41066628
https://hotel.meituan.com/163315508/,163315508
https://hotel.meituan.com/162951777/,162951777
https://hotel.meituan.com/664905/,664905
https://hotel.meituan.com/6597753/,6597753
https://hotel.meituan.com/165847878/,165847878
https://hotel.meituan.com/6600388/,6600388
https://hotel.meituan.com/150729106/,150729106
https://hotel.meituan.com/1536022/,1536022
https://hotel.meituan.com/50446864/,50446864
https://hotel.meituan.com/1411234/,1411234
https://hotel.meituan.com/152716435/,152716435
https://hotel.meituan.com/158666249/,158666249
https://hotel.meituan.com/2455797/,2455797
https://hotel.meituan.com/5517433/,5517433
https://hotel.meituan.com/1390163/,1390163
https://hotel.meituan.com/52461171/,52461171
https://hotel.meituan.com/94660449/,94660449
https://hotel.meituan.com/96179489/,96179489
https://hotel.meituan.com/5824870/,5824870
https://hotel.meituan.com/82308718/,82308718
https://hotel.meituan.com/163485736/,163485736
https://hotel.meituan.com/87814894/,87814894
https://hotel.meituan.com/64574965/,64574965
https://hotel.meituan.com/6147916/,6147916
https://hotel.meituan.com/674279/,674279
https://hotel.meituan.com/42137663/,42137663
https://hotel.meituan.com/5957788/,5957788
https://hotel.meituan.com/170584283/,170584283
https://hotel.meituan.com/40149872/,40149872
https://hotel.meituan.com/41006265/,41006265
https://hotel.meituan.com/62732030/,62732030
https://hotel.meituan.com/152831435/,152831435
https://hotel.meituan.com/6826207/,6826207
https://hotel.meituan.com/163940119/,163940119
https://hotel.meituan.com/4787599/,4787599
https://hotel.meituan.com/683498/,683498
https://hotel.meituan.com/4368143/,4368143
https://hotel.meituan.com/4050017/,4050017
https://hotel.meituan.com/4730600/,4730600
https://hotel.meituan.com/1556768/,1556768
https://hotel.meituan.com/165654592/,165654592
https://hotel.meituan.com/169639910/,169639910
https://hotel.meituan.com/4205966/,4205966
https://hotel.meituan.com/118627811/,118627811
https://hotel.meituan.com/664233/,664233
https://hotel.meituan.com/6020922/,6020922
https://hotel.meituan.com/2606663/,2606663
https://hotel.meituan.com/96807925/,96807925
https://hotel.meituan.com/42039084/,42039084
https://hotel.meituan.com/4701684/,4701684
https://hotel.meituan.com/42885572/,42885572
https://hotel.meituan.com/42469651/,42469651
https://hotel.meituan.com/5230638/,5230638
https://hotel.meituan.com/1558785/,1558785
https://hotel.meituan.com/157715485/,157715485
https://hotel.meituan.com/682584/,682584
https://hotel.meituan.com/78360441/,78360441
https://hotel.meituan.com/119248653/,119248653
https://hotel.meituan.com/159681048/,159681048
https://hotel.meituan.com/1469042/,1469042
https://hotel.meituan.com/163196541/,163196541
https://hotel.meituan.com/165179327/,165179327
https://hotel.meituan.com/6116084/,6116084
https://hotel.meituan.com/664916/,664916
https://hotel.meituan.com/1561241/,1561241
https://hotel.meituan.com/52983671/,52983671
https://hotel.meituan.com/663857/,663857
https://hotel.meituan.com/52175/,52175
https://hotel.meituan.com/1092437/,1092437
https://hotel.meituan.com/165021012/,165021012
https://hotel.meituan.com/1567897/,1567897
https://hotel.meituan.com/63762741/,63762741
https://hotel.meituan.com/5520630/,5520630
https://hotel.meituan.com/98806905/,98806905
https://hotel.meituan.com/2528226/,2528226
https://hotel.meituan.com/676420/,676420
https://hotel.meituan.com/665873/,665873
https://hotel.meituan.com/6047752/,6047752
https://hotel.meituan.com/94537358/,94537358
https://hotel.meituan.com/4289302/,4289302
https://hotel.meituan.com/674274/,674274
https://hotel.meituan.com/166975502/,166975502
https://hotel.meituan.com/669678/,669678
https://hotel.meituan.com/4900692/,4900692
https://hotel.meituan.com/101629948/,101629948
https://hotel.meituan.com/166196603/,166196603
https://hotel.meituan.com/108727229/,108727229
https://hotel.meituan.com/96326694/,96326694
https://hotel.meituan.com/158802779/,158802779
https://hotel.meituan.com/676418/,676418
https://hotel.meituan.com/4535265/,4535265
https://hotel.meituan.com/169082161/,169082161
https://hotel.meituan.com/1527853/,1527853
https://hotel.meituan.com/98320450/,98320450
https://hotel.meituan.com/150437287/,150437287
https://hotel.meituan.com/2465929/,2465929
https://hotel.meituan.com/72491973/,72491973
https://hotel.meituan.com/5211454/,5211454
https://hotel.meituan.com/157267364/,157267364
https://hotel.meituan.com/2422336/,2422336
https://hotel.meituan.com/6763780/,6763780
https://hotel.meituan.com/157325975/,157325975
https://hotel.meituan.com/2600317/,2600317
https://hotel.meituan.com/42378435/,42378435
https://hotel.meituan.com/6466367/,6466367
https://hotel.meituan.com/2476727/,2476727
https://hotel.meituan.com/82414313/,82414313
https://hotel.meituan.com/97983463/,97983463
https://hotel.meituan.com/4494879/,4494879
https://hotel.meituan.com/5540457/,5540457
https://hotel.meituan.com/6247994/,6247994
https://hotel.meituan.com/1158869/,1158869
https://hotel.meituan.com/163354074/,163354074
https://hotel.meituan.com/4892350/,4892350
https://hotel.meituan.com/157259127/,157259127
https://hotel.meituan.com/796445/,796445
https://hotel.meituan.com/2384459/,2384459
https://hotel.meituan.com/41703368/,41703368
https://hotel.meituan.com/158865838/,158865838
https://hotel.meituan.com/674037/,674037
https://hotel.meituan.com/87401515/,87401515
https://hotel.meituan.com/40043237/,40043237
https://hotel.meituan.com/40413083/,40413083
https://hotel.meituan.com/682446/,682446
https://hotel.meituan.com/160260769/,160260769
https://hotel.meituan.com/157353227/,157353227
https://hotel.meituan.com/6227111/,6227111
https://hotel.meituan.com/103185925/,103185925
https://hotel.meituan.com/2398731/,2398731
https://hotel.meituan.com/157709178/,157709178
https://hotel.meituan.com/113802060/,113802060
https://hotel.meituan.com/98816930/,98816930
https://hotel.meituan.com/106375824/,106375824
https://hotel.meituan.com/2534500/,2534500
https://hotel.meituan.com/6505916/,6505916
https://hotel.meituan.com/658572/,658572
https://hotel.meituan.com/112325202/,112325202
https://hotel.meituan.com/5971732/,5971732
https://hotel.meituan.com/121712028/,121712028
https://hotel.meituan.com/166049133/,166049133
https://hotel.meituan.com/169988611/,169988611
https://hotel.meituan.com/4481374/,4481374
https://hotel.meituan.com/2648825/,2648825
https://hotel.meituan.com/1052479/,1052479
https://hotel.meituan.com/1537571/,1537571
https://hotel.meituan.com/165423695/,165423695
https://hotel.meituan.com/1399694/,1399694
https://hotel.meituan.com/42444231/,42444231
https://hotel.meituan.com/674146/,674146
https://hotel.meituan.com/164570902/,164570902
https://hotel.meituan.com/165193004/,165193004
https://hotel.meituan.com/52177/,52177
https://hotel.meituan.com/5484762/,5484762
https://hotel.meituan.com/105663728/,105663728
https://hotel.meituan.com/1563999/,1563999
https://hotel.meituan.com/2566764/,2566764
https://hotel.meituan.com/87878183/,87878183
https://hotel.meituan.com/42199471/,42199471
https://hotel.meituan.com/42061905/,42061905
https://hotel.meituan.com/1560945/,1560945
https://hotel.meituan.com/167321498/,167321498
https://hotel.meituan.com/1363335/,1363335
https://hotel.meituan.com/114103311/,114103311
https://hotel.meituan.com/2365403/,2365403
https://hotel.meituan.com/107379751/,107379751
https://hotel.meituan.com/41840874/,41840874
https://hotel.meituan.com/1410727/,1410727
https://hotel.meituan.com/170587698/,170587698
https://hotel.meituan.com/163413423/,163413423
https://hotel.meituan.com/41654095/,41654095
https://hotel.meituan.com/678330/,678330
https://hotel.meituan.com/6734811/,6734811
https://hotel.meituan.com/95039211/,95039211
https://hotel.meituan.com/658621/,658621
https://hotel.meituan.com/674115/,674115
https://hotel.meituan.com/52186974/,52186974
https://hotel.meituan.com/171710115/,171710115
https://hotel.meituan.com/6237671/,6237671
https://hotel.meituan.com/40458294/,40458294
https://hotel.meituan.com/5007335/,5007335
https://hotel.meituan.com/150538528/,150538528
https://hotel.meituan.com/153659833/,153659833
https://hotel.meituan.com/4080094/,4080094
https://hotel.meituan.com/106205956/,106205956
https://hotel.meituan.com/105426428/,105426428
https://hotel.meituan.com/162900318/,162900318
https://hotel.meituan.com/6963227/,6963227
https://hotel.meituan.com/51571747/,51571747
https://hotel.meituan.com/2403110/,2403110
https://hotel.meituan.com/106452320/,106452320
https://hotel.meituan.com/3262267/,3262267
https://hotel.meituan.com/682826/,682826
https://hotel.meituan.com/5596476/,5596476
https://hotel.meituan.com/1556047/,1556047
https://hotel.meituan.com/1477576/,1477576
https://hotel.meituan.com/2444276/,2444276
https://hotel.meituan.com/1502507/,1502507
https://hotel.meituan.com/42177042/,42177042
https://hotel.meituan.com/6495236/,6495236
https://hotel.meituan.com/164809624/,164809624
https://hotel.meituan.com/69816797/,69816797
https://hotel.meituan.com/160378109/,160378109
https://hotel.meituan.com/1152523/,1152523
https://hotel.meituan.com/62321802/,62321802
https://hotel.meituan.com/4872583/,4872583
https://hotel.meituan.com/4452748/,4452748
https://hotel.meituan.com/97032801/,97032801
https://hotel.meituan.com/81685894/,81685894
https://hotel.meituan.com/108949121/,108949121
https://hotel.meituan.com/94491834/,94491834
https://hotel.meituan.com/6158571/,6158571
https://hotel.meituan.com/152320843/,152320843
https://hotel.meituan.com/5838073/,5838073
https://hotel.meituan.com/2398733/,2398733
https://hotel.meituan.com/1532451/,1532451
https://hotel.meituan.com/99630138/,99630138
https://hotel.meituan.com/164946854/,164946854
https://hotel.meituan.com/92230181/,92230181
https://hotel.meituan.com/165686253/,165686253
https://hotel.meituan.com/96086046/,96086046
https://hotel.meituan.com/2398732/,2398732
https://hotel.meituan.com/51937942/,51937942
https://hotel.meituan.com/160711779/,160711779
https://hotel.meituan.com/4452657/,4452657
https://hotel.meituan.com/665364/,665364
https://hotel.meituan.com/95127691/,95127691
https://hotel.meituan.com/6957716/,6957716
https://hotel.meituan.com/4748001/,4748001
https://hotel.meituan.com/164016036/,164016036
https://hotel.meituan.com/85236527/,85236527
https://hotel.meituan.com/98481813/,98481813
https://hotel.meituan.com/175368680/,175368680
https://hotel.meituan.com/169328209/,169328209
https://hotel.meituan.com/79811263/,79811263
https://hotel.meituan.com/166283247/,166283247
https://hotel.meituan.com/1150121/,1150121
https://hotel.meituan.com/6355040/,6355040
https://hotel.meituan.com/92050806/,92050806
https://hotel.meituan.com/674106/,674106
https://hotel.meituan.com/159196586/,159196586
https://hotel.meituan.com/95892280/,95892280
https://hotel.meituan.com/66806805/,66806805
https://hotel.meituan.com/1176549/,1176549
https://hotel.meituan.com/162921037/,162921037
https://hotel.meituan.com/98857113/,98857113
https://hotel.meituan.com/173419801/,173419801
https://hotel.meituan.com/182477352/,182477352
https://hotel.meituan.com/190890174/,190890174
https://hotel.meituan.com/76352239/,76352239
https://hotel.meituan.com/41032063/,41032063
https://hotel.meituan.com/180662938/,180662938
https://hotel.meituan.com/67842566/,67842566
https://hotel.meituan.com/60955169/,60955169
https://hotel.meituan.com/193046564/,193046564
https://hotel.meituan.com/78151672/,78151672
https://hotel.meituan.com/2597812/,2597812
https://hotel.meituan.com/2529060/,2529060
https://hotel.meituan.com/191483623/,191483623
https://hotel.meituan.com/90512583/,90512583
https://hotel.meituan.com/178867263/,178867263
https://hotel.meituan.com/164016757/,164016757
https://hotel.meituan.com/160402869/,160402869
https://hotel.meituan.com/118593747/,118593747
https://hotel.meituan.com/42929374/,42929374
https://hotel.meituan.com/92889404/,92889404
https://hotel.meituan.com/41490226/,41490226
https://hotel.meituan.com/175359242/,175359242
https://hotel.meituan.com/192110737/,192110737
https://hotel.meituan.com/6096148/,6096148
https://hotel.meituan.com/182573471/,182573471
https://hotel.meituan.com/189711565/,189711565
https://hotel.meituan.com/1479166/,1479166
https://hotel.meituan.com/181460152/,181460152
https://hotel.meituan.com/165266597/,165266597
https://hotel.meituan.com/162169516/,162169516
https://hotel.meituan.com/182363621/,182363621
https://hotel.meituan.com/169326528/,169326528
https://hotel.meituan.com/90943014/,90943014
https://hotel.meituan.com/182140600/,182140600
https://hotel.meituan.com/191321595/,191321595
https://hotel.meituan.com/2508120/,2508120
https://hotel.meituan.com/189333641/,189333641
https://hotel.meituan.com/4205382/,4205382
https://hotel.meituan.com/152062168/,152062168
https://hotel.meituan.com/4033695/,4033695
https://hotel.meituan.com/193466868/,193466868
https://hotel.meituan.com/190641320/,190641320
https://hotel.meituan.com/4140255/,4140255
https://hotel.meituan.com/178060057/,178060057
https://hotel.meituan.com/193529624/,193529624
https://hotel.meituan.com/165718327/,165718327
https://hotel.meituan.com/186394346/,186394346
https://hotel.meituan.com/4557569/,4557569
https://hotel.meituan.com/182677197/,182677197
https://hotel.meituan.com/91306930/,91306930
https://hotel.meituan.com/160189692/,160189692
https://hotel.meituan.com/159774645/,159774645
https://hotel.meituan.com/99344156/,99344156
https://hotel.meituan.com/61050871/,61050871
https://hotel.meituan.com/40303382/,40303382
https://hotel.meituan.com/4090460/,4090460
https://hotel.meituan.com/184001076/,184001076
https://hotel.meituan.com/179066651/,179066651
https://hotel.meituan.com/189888378/,189888378
https://hotel.meituan.com/162142368/,162142368
https://hotel.meituan.com/189306502/,189306502
https://hotel.meituan.com/41096406/,41096406
https://hotel.meituan.com/188676963/,188676963
https://hotel.meituan.com/52185275/,52185275
https://hotel.meituan.com/109932419/,109932419
https://hotel.meituan.com/175519240/,175519240
https://hotel.meituan.com/80819204/,80819204
https://hotel.meituan.com/150427882/,150427882
https://hotel.meituan.com/192996383/,192996383
https://hotel.meituan.com/2383179/,2383179
https://hotel.meituan.com/41173596/,41173596
https://hotel.meituan.com/193667021/,193667021
https://hotel.meituan.com/156870746/,156870746
https://hotel.meituan.com/192146467/,192146467
https://hotel.meituan.com/191261781/,191261781
https://hotel.meituan.com/191097809/,191097809
https://hotel.meituan.com/193665295/,193665295
https://hotel.meituan.com/4635580/,4635580
https://hotel.meituan.com/75509887/,75509887
https://hotel.meituan.com/182557563/,182557563
https://hotel.meituan.com/2388726/,2388726
https://hotel.meituan.com/152561957/,152561957
https://hotel.meituan.com/175517246/,175517246
https://hotel.meituan.com/117356415/,117356415
https://hotel.meituan.com/40704254/,40704254
https://hotel.meituan.com/4722250/,4722250
https://hotel.meituan.com/165267193/,165267193
https://hotel.meituan.com/4952210/,4952210
https://hotel.meituan.com/193685316/,193685316
https://hotel.meituan.com/193533681/,193533681
https://hotel.meituan.com/193750707/,193750707
https://hotel.meituan.com/162034983/,162034983
https://hotel.meituan.com/165821665/,165821665
https://hotel.meituan.com/5132142/,5132142
https://hotel.meituan.com/192789509/,192789509
https://hotel.meituan.com/159888568/,159888568
https://hotel.meituan.com/160256214/,160256214
https://hotel.meituan.com/191262779/,191262779
https://hotel.meituan.com/189386631/,189386631
https://hotel.meituan.com/178183706/,178183706
https://hotel.meituan.com/190690623/,190690623
https://hotel.meituan.com/51201240/,51201240
https://hotel.meituan.com/164168939/,164168939
https://hotel.meituan.com/193321199/,193321199
https://hotel.meituan.com/186859295/,186859295
https://hotel.meituan.com/105706125/,105706125
https://hotel.meituan.com/179362577/,179362577
https://hotel.meituan.com/96949667/,96949667
https://hotel.meituan.com/84792252/,84792252
https://hotel.meituan.com/676437/,676437
https://hotel.meituan.com/194651743/,194651743
https://hotel.meituan.com/186038551/,186038551
https://hotel.meituan.com/157727383/,157727383
https://hotel.meituan.com/190424780/,190424780
https://hotel.meituan.com/150595259/,150595259
https://hotel.meituan.com/94718298/,94718298
https://hotel.meituan.com/153653345/,153653345
https://hotel.meituan.com/165623999/,165623999
https://hotel.meituan.com/158870652/,158870652
https://hotel.meituan.com/41833700/,41833700
https://hotel.meituan.com/163319568/,163319568
https://hotel.meituan.com/109754788/,109754788
https://hotel.meituan.com/102067928/,102067928
https://hotel.meituan.com/192696689/,192696689
https://hotel.meituan.com/157244696/,157244696
https://hotel.meituan.com/185242881/,185242881
https://hotel.meituan.com/163533517/,163533517
https://hotel.meituan.com/160189615/,160189615
https://hotel.meituan.com/191393527/,191393527
https://hotel.meituan.com/68128656/,68128656
https://hotel.meituan.com/1536201/,1536201
https://hotel.meituan.com/41709058/,41709058
https://hotel.meituan.com/94237482/,94237482
https://hotel.meituan.com/191553191/,191553191
https://hotel.meituan.com/102489735/,102489735
https://hotel.meituan.com/190000043/,190000043
https://hotel.meituan.com/169324544/,169324544
https://hotel.meituan.com/191106773/,191106773
https://hotel.meituan.com/180795933/,180795933
https://hotel.meituan.com/664925/,664925
https://hotel.meituan.com/6876098/,6876098
https://hotel.meituan.com/190666518/,190666518
https://hotel.meituan.com/189462139/,189462139
https://hotel.meituan.com/179281782/,179281782
https://hotel.meituan.com/179718831/,179718831
https://hotel.meituan.com/179211201/,179211201
https://hotel.meituan.com/177633351/,177633351
https://hotel.meituan.com/181402695/,181402695
https://hotel.meituan.com/191150535/,191150535
https://hotel.meituan.com/192968568/,192968568
https://hotel.meituan.com/5166492/,5166492
https://hotel.meituan.com/194370990/,194370990
https://hotel.meituan.com/184171084/,184171084
https://hotel.meituan.com/165715966/,165715966
https://hotel.meituan.com/191371692/,191371692
https://hotel.meituan.com/2413680/,2413680
https://hotel.meituan.com/193790846/,193790846
https://hotel.meituan.com/159563517/,159563517
https://hotel.meituan.com/179303124/,179303124
https://hotel.meituan.com/1537124/,1537124
https://hotel.meituan.com/191182812/,191182812
https://hotel.meituan.com/173214807/,173214807
https://hotel.meituan.com/98661378/,98661378
https://hotel.meituan.com/2403842/,2403842
https://hotel.meituan.com/674180/,674180
https://hotel.meituan.com/90790792/,90790792
https://hotel.meituan.com/91567449/,91567449
https://hotel.meituan.com/98478154/,98478154
https://hotel.meituan.com/41347079/,41347079
https://hotel.meituan.com/179660855/,179660855
https://hotel.meituan.com/184753621/,184753621
https://hotel.meituan.com/179387102/,179387102
https://hotel.meituan.com/162847207/,162847207
https://hotel.meituan.com/6327447/,6327447
https://hotel.meituan.com/178834004/,178834004
https://hotel.meituan.com/160162201/,160162201
https://hotel.meituan.com/190654107/,190654107
https://hotel.meituan.com/186624124/,186624124
https://hotel.meituan.com/160738301/,160738301
https://hotel.meituan.com/96891833/,96891833
https://hotel.meituan.com/41698539/,41698539
https://hotel.meituan.com/150382264/,150382264
https://hotel.meituan.com/178344570/,178344570
https://hotel.meituan.com/151101954/,151101954
https://hotel.meituan.com/42286238/,42286238
https://hotel.meituan.com/187629872/,187629872
https://hotel.meituan.com/125732409/,125732409
https://hotel.meituan.com/2372732/,2372732
https://hotel.meituan.com/169785754/,169785754
https://hotel.meituan.com/5312860/,5312860
https://hotel.meituan.com/69185536/,69185536
https://hotel.meituan.com/74492095/,74492095
https://hotel.meituan.com/160289895/,160289895
https://hotel.meituan.com/159081299/,159081299
https://hotel.meituan.com/4325502/,4325502
https://hotel.meituan.com/150382692/,150382692
https://hotel.meituan.com/165850451/,165850451
https://hotel.meituan.com/2444387/,2444387
https://hotel.meituan.com/180093413/,180093413
https://hotel.meituan.com/177694147/,177694147
https://hotel.meituan.com/182195608/,182195608
https://hotel.meituan.com/185260455/,185260455
https://hotel.meituan.com/190055448/,190055448
https://hotel.meituan.com/152551015/,152551015
https://hotel.meituan.com/180617807/,180617807
https://hotel.meituan.com/180561446/,180561446
https://hotel.meituan.com/186524976/,186524976
https://hotel.meituan.com/86945253/,86945253
https://hotel.meituan.com/179307273/,179307273
https://hotel.meituan.com/191383023/,191383023
https://hotel.meituan.com/83897285/,83897285
https://hotel.meituan.com/50952979/,50952979
https://hotel.meituan.com/97718928/,97718928
https://hotel.meituan.com/160365424/,160365424
https://hotel.meituan.com/179307869/,179307869
https://hotel.meituan.com/179403325/,179403325
https://hotel.meituan.com/192249233/,192249233
https://hotel.meituan.com/157347566/,157347566
https://hotel.meituan.com/194550934/,194550934
https://hotel.meituan.com/164237600/,164237600
https://hotel.meituan.com/177543677/,177543677
https://hotel.meituan.com/180090042/,180090042
https://hotel.meituan.com/667010/,667010
https://hotel.meituan.com/118655668/,118655668
https://hotel.meituan.com/52051460/,52051460
https://hotel.meituan.com/99161869/,99161869
https://hotel.meituan.com/150535068/,150535068
https://hotel.meituan.com/116607723/,116607723
https://hotel.meituan.com/185186079/,185186079
https://hotel.meituan.com/189872047/,189872047
https://hotel.meituan.com/182393729/,182393729
https://hotel.meituan.com/188921770/,188921770
https://hotel.meituan.com/159225476/,159225476
https://hotel.meituan.com/193877789/,193877789
https://hotel.meituan.com/81685042/,81685042
https://hotel.meituan.com/175305254/,175305254
https://hotel.meituan.com/191804979/,191804979
https://hotel.meituan.com/103719820/,103719820
https://hotel.meituan.com/179690797/,179690797
https://hotel.meituan.com/4206784/,4206784
https://hotel.meituan.com/2444314/,2444314
https://hotel.meituan.com/2459726/,2459726
https://hotel.meituan.com/184821891/,184821891
https://hotel.meituan.com/187558044/,187558044
https://hotel.meituan.com/190913395/,190913395
https://hotel.meituan.com/3265726/,3265726
https://hotel.meituan.com/190059421/,190059421
https://hotel.meituan.com/182528704/,182528704
https://hotel.meituan.com/190708732/,190708732
https://hotel.meituan.com/5441343/,5441343
https://hotel.meituan.com/94296945/,94296945
https://hotel.meituan.com/177442329/,177442329
https://hotel.meituan.com/178098153/,178098153
https://hotel.meituan.com/1546081/,1546081
https://hotel.meituan.com/192089343/,192089343
https://hotel.meituan.com/189241289/,189241289
https://hotel.meituan.com/189792434/,189792434
https://hotel.meituan.com/158834728/,158834728
https://hotel.meituan.com/165781993/,165781993
https://hotel.meituan.com/192756037/,192756037
https://hotel.meituan.com/5747977/,5747977
https://hotel.meituan.com/190504680/,190504680
https://hotel.meituan.com/191307780/,191307780
https://hotel.meituan.com/42994366/,42994366
https://hotel.meituan.com/1400372/,1400372
https://hotel.meituan.com/188718838/,188718838
https://hotel.meituan.com/1158275/,1158275
https://hotel.meituan.com/5866989/,5866989
https://hotel.meituan.com/97016964/,97016964
https://hotel.meituan.com/90420149/,90420149
https://hotel.meituan.com/93479983/,93479983
https://hotel.meituan.com/178055154/,178055154
https://hotel.meituan.com/681797/,681797
https://hotel.meituan.com/165839746/,165839746
https://hotel.meituan.com/192120954/,192120954
https://hotel.meituan.com/51942702/,51942702
https://hotel.meituan.com/188641092/,188641092
https://hotel.meituan.com/190647698/,190647698
https://hotel.meituan.com/177533231/,177533231
https://hotel.meituan.com/174875444/,174875444
https://hotel.meituan.com/1484160/,1484160
https://hotel.meituan.com/42134080/,42134080
https://hotel.meituan.com/184310552/,184310552
https://hotel.meituan.com/165646840/,165646840
https://hotel.meituan.com/168872786/,168872786
https://hotel.meituan.com/180103953/,180103953
https://hotel.meituan.com/191409211/,191409211
https://hotel.meituan.com/42919136/,42919136
https://hotel.meituan.com/4858430/,4858430
https://hotel.meituan.com/181204255/,181204255
https://hotel.meituan.com/158376065/,158376065
https://hotel.meituan.com/191814591/,191814591
https://hotel.meituan.com/113926606/,113926606
https://hotel.meituan.com/182423442/,182423442
https://hotel.meituan.com/188721803/,188721803
https://hotel.meituan.com/165121602/,165121602
https://hotel.meituan.com/162923933/,162923933
https://hotel.meituan.com/90156579/,90156579
https://hotel.meituan.com/4584364/,4584364
https://hotel.meituan.com/181499818/,181499818
https://hotel.meituan.com/190560898/,190560898
https://hotel.meituan.com/182098697/,182098697
https://hotel.meituan.com/2494518/,2494518
https://hotel.meituan.com/151155820/,151155820
https://hotel.meituan.com/182487342/,182487342
https://hotel.meituan.com/180609269/,180609269
https://hotel.meituan.com/42532864/,42532864
https://hotel.meituan.com/192809954/,192809954
https://hotel.meituan.com/103538172/,103538172
https://hotel.meituan.com/166998572/,166998572
https://hotel.meituan.com/188842250/,188842250
https://hotel.meituan.com/175214348/,175214348
https://hotel.meituan.com/165549748/,165549748
https://hotel.meituan.com/178803835/,178803835
https://hotel.meituan.com/189817513/,189817513
https://hotel.meituan.com/60796505/,60796505
https://hotel.meituan.com/123863446/,123863446
https://hotel.meituan.com/169986872/,169986872
https://hotel.meituan.com/150536488/,150536488
https://hotel.meituan.com/82628538/,82628538
https://hotel.meituan.com/185044363/,185044363
https://hotel.meituan.com/188482326/,188482326
https://hotel.meituan.com/165083458/,165083458
https://hotel.meituan.com/1172330/,1172330
https://hotel.meituan.com/182634271/,182634271
https://hotel.meituan.com/5559305/,5559305
https://hotel.meituan.com/674063/,674063
https://hotel.meituan.com/193574361/,193574361
https://hotel.meituan.com/98375419/,98375419
https://hotel.meituan.com/4778801/,4778801
https://hotel.meituan.com/95967691/,95967691
https://hotel.meituan.com/159397005/,159397005
https://hotel.meituan.com/181489170/,181489170
https://hotel.meituan.com/169369394/,169369394
https://hotel.meituan.com/193110201/,193110201
https://hotel.meituan.com/192657707/,192657707
https://hotel.meituan.com/114866092/,114866092
https://hotel.meituan.com/172271893/,172271893
https://hotel.meituan.com/41060285/,41060285
https://hotel.meituan.com/113610041/,113610041
https://hotel.meituan.com/183984009/,183984009
https://hotel.meituan.com/92242666/,92242666
https://hotel.meituan.com/190601415/,190601415
https://hotel.meituan.com/192805085/,192805085
https://hotel.meituan.com/165558369/,165558369
https://hotel.meituan.com/97305887/,97305887
https://hotel.meituan.com/2606580/,2606580
https://hotel.meituan.com/190826951/,190826951
https://hotel.meituan.com/165103634/,165103634
https://hotel.meituan.com/179078881/,179078881
https://hotel.meituan.com/182080016/,182080016
https://hotel.meituan.com/169324318/,169324318
https://hotel.meituan.com/165053523/,165053523
https://hotel.meituan.com/174934001/,174934001
https://hotel.meituan.com/177419661/,177419661
https://hotel.meituan.com/184024089/,184024089
https://hotel.meituan.com/169299297/,169299297
https://hotel.meituan.com/185834398/,185834398
https://hotel.meituan.com/164580701/,164580701
https://hotel.meituan.com/180728608/,180728608
https://hotel.meituan.com/179491971/,179491971
https://hotel.meituan.com/94366687/,94366687
https://hotel.meituan.com/167075977/,167075977
https://hotel.meituan.com/184425242/,184425242
https://hotel.meituan.com/190140837/,190140837
https://hotel.meituan.com/51943665/,51943665
https://hotel.meituan.com/4457435/,4457435
https://hotel.meituan.com/187885365/,187885365
https://hotel.meituan.com/6559344/,6559344
https://hotel.meituan.com/1551681/,1551681
https://hotel.meituan.com/4633997/,4633997
https://hotel.meituan.com/114060040/,114060040
https://hotel.meituan.com/6863477/,6863477
https://hotel.meituan.com/1501136/,1501136
https://hotel.meituan.com/193686353/,193686353
https://hotel.meituan.com/107563248/,107563248
https://hotel.meituan.com/187109877/,187109877
https://hotel.meituan.com/190678429/,190678429
https://hotel.meituan.com/41141228/,41141228
https://hotel.meituan.com/165400845/,165400845
https://hotel.meituan.com/169543118/,169543118
https://hotel.meituan.com/41032708/,41032708
https://hotel.meituan.com/179102455/,179102455
https://hotel.meituan.com/189985705/,189985705
https://hotel.meituan.com/182449627/,182449627
https://hotel.meituan.com/182474563/,182474563
https://hotel.meituan.com/186780398/,186780398
https://hotel.meituan.com/70382474/,70382474
https://hotel.meituan.com/193901192/,193901192
https://hotel.meituan.com/4241543/,4241543
https://hotel.meituan.com/186048066/,186048066
https://hotel.meituan.com/191472639/,191472639
https://hotel.meituan.com/97860792/,97860792
https://hotel.meituan.com/194257937/,194257937
https://hotel.meituan.com/159050707/,159050707
https://hotel.meituan.com/150374305/,150374305
https://hotel.meituan.com/193320289/,193320289
https://hotel.meituan.com/40926142/,40926142
https://hotel.meituan.com/187813784/,187813784
https://hotel.meituan.com/184299821/,184299821
https://hotel.meituan.com/165676657/,165676657
https://hotel.meituan.com/193490043/,193490043
https://hotel.meituan.com/186242725/,186242725
https://hotel.meituan.com/32410/,32410
https://hotel.meituan.com/192752646/,192752646
https://hotel.meituan.com/164048660/,164048660
https://hotel.meituan.com/192685638/,192685638
https://hotel.meituan.com/192981849/,192981849
https://hotel.meituan.com/42289840/,42289840
https://hotel.meituan.com/80338876/,80338876
https://hotel.meituan.com/177884436/,177884436
https://hotel.meituan.com/169145487/,169145487
https://hotel.meituan.com/194751679/,194751679
https://hotel.meituan.com/164881284/,164881284
https://hotel.meituan.com/42112983/,42112983
https://hotel.meituan.com/160435139/,160435139
https://hotel.meituan.com/179950127/,179950127
https://hotel.meituan.com/5919672/,5919672
https://hotel.meituan.com/157057459/,157057459
https://hotel.meituan.com/5701322/,5701322
https://hotel.meituan.com/179934689/,179934689
https://hotel.meituan.com/178791197/,178791197
https://hotel.meituan.com/165915769/,165915769
https://hotel.meituan.com/158409828/,158409828
https://hotel.meituan.com/93974027/,93974027
https://hotel.meituan.com/177835274/,177835274
https://hotel.meituan.com/105581153/,105581153
https://hotel.meituan.com/194424012/,194424012
https://hotel.meituan.com/42318288/,42318288
https://hotel.meituan.com/181437735/,181437735
https://hotel.meituan.com/164314527/,164314527
https://hotel.meituan.com/105059628/,105059628
https://hotel.meituan.com/194662767/,194662767
https://hotel.meituan.com/181561507/,181561507
https://hotel.meituan.com/2469189/,2469189
https://hotel.meituan.com/193752671/,193752671
https://hotel.meituan.com/93011776/,93011776
https://hotel.meituan.com/186582484/,186582484
https://hotel.meituan.com/165815560/,165815560
https://hotel.meituan.com/186057274/,186057274
https://hotel.meituan.com/179700656/,179700656
https://hotel.meituan.com/191480987/,191480987
https://hotel.meituan.com/66842475/,66842475
https://hotel.meituan.com/175469723/,175469723
https://hotel.meituan.com/184588300/,184588300
https://hotel.meituan.com/111389913/,111389913
https://hotel.meituan.com/194729038/,194729038
https://hotel.meituan.com/182626331/,182626331
https://hotel.meituan.com/42635264/,42635264
https://hotel.meituan.com/162103093/,162103093
https://hotel.meituan.com/1546957/,1546957
https://hotel.meituan.com/179300309/,179300309
https://hotel.meituan.com/184831534/,184831534
https://hotel.meituan.com/181455613/,181455613
https://hotel.meituan.com/193356543/,193356543
https://hotel.meituan.com/186006544/,186006544
https://hotel.meituan.com/51715659/,51715659
https://hotel.meituan.com/170625623/,170625623
https://hotel.meituan.com/169483846/,169483846
https://hotel.meituan.com/182040470/,182040470
https://hotel.meituan.com/187701418/,187701418
https://hotel.meituan.com/184499851/,184499851
https://hotel.meituan.com/177642254/,177642254
https://hotel.meituan.com/177631163/,177631163
https://hotel.meituan.com/175450316/,175450316
https://hotel.meituan.com/182370718/,182370718
https://hotel.meituan.com/76578960/,76578960
https://hotel.meituan.com/191541390/,191541390
https://hotel.meituan.com/96987258/,96987258
https://hotel.meituan.com/184016728/,184016728
https://hotel.meituan.com/157754781/,157754781
https://hotel.meituan.com/169488162/,169488162
https://hotel.meituan.com/5848761/,5848761
https://hotel.meituan.com/109439494/,109439494
https://hotel.meituan.com/194280893/,194280893
https://hotel.meituan.com/169440435/,169440435
https://hotel.meituan.com/178831403/,178831403
https://hotel.meituan.com/2440689/,2440689
https://hotel.meituan.com/92832172/,92832172
https://hotel.meituan.com/164769432/,164769432
https://hotel.meituan.com/177760610/,177760610
https://hotel.meituan.com/192550407/,192550407
https://hotel.meituan.com/163007876/,163007876
https://hotel.meituan.com/160763570/,160763570
https://hotel.meituan.com/118102688/,118102688
https://hotel.meituan.com/51399739/,51399739
https://hotel.meituan.com/187040875/,187040875
https://hotel.meituan.com/6386438/,6386438
https://hotel.meituan.com/4375369/,4375369
https://hotel.meituan.com/90777311/,90777311
https://hotel.meituan.com/191262381/,191262381
https://hotel.meituan.com/90735184/,90735184
https://hotel.meituan.com/160549723/,160549723
https://hotel.meituan.com/191113557/,191113557
https://hotel.meituan.com/179989353/,179989353
https://hotel.meituan.com/178130009/,178130009
https://hotel.meituan.com/154112802/,154112802
https://hotel.meituan.com/191419558/,191419558
https://hotel.meituan.com/189252065/,189252065
https://hotel.meituan.com/193220603/,193220603
https://hotel.meituan.com/194936339/,194936339
https://hotel.meituan.com/184013367/,184013367
https://hotel.meituan.com/165831909/,165831909
https://hotel.meituan.com/186311892/,186311892
https://hotel.meituan.com/184313361/,184313361
https://hotel.meituan.com/182412451/,182412451
https://hotel.meituan.com/158871438/,158871438
https://hotel.meituan.com/165770056/,165770056
https://hotel.meituan.com/179204056/,179204056
https://hotel.meituan.com/118623782/,118623782
https://hotel.meituan.com/80732070/,80732070
https://hotel.meituan.com/180095380/,180095380
https://hotel.meituan.com/179510056/,179510056
https://hotel.meituan.com/179378426/,179378426
https://hotel.meituan.com/193466968/,193466968
https://hotel.meituan.com/184180601/,184180601
https://hotel.meituan.com/193685513/,193685513
https://hotel.meituan.com/155321394/,155321394
https://hotel.meituan.com/179956531/,179956531
https://hotel.meituan.com/191371874/,191371874
https://hotel.meituan.com/74975437/,74975437
https://hotel.meituan.com/189246247/,189246247
https://hotel.meituan.com/179352329/,179352329
https://hotel.meituan.com/97231554/,97231554
https://hotel.meituan.com/192501154/,192501154
https://hotel.meituan.com/191345223/,191345223
https://hotel.meituan.com/133220370/,133220370
https://hotel.meituan.com/188014719/,188014719
https://hotel.meituan.com/194639765/,194639765
https://hotel.meituan.com/65351254/,65351254
https://hotel.meituan.com/183971752/,183971752
https://hotel.meituan.com/41388791/,41388791
https://hotel.meituan.com/66807490/,66807490
https://hotel.meituan.com/81038811/,81038811
https://hotel.meituan.com/95928050/,95928050
https://hotel.meituan.com/42039495/,42039495
https://hotel.meituan.com/178773303/,178773303
https://hotel.meituan.com/102781222/,102781222
https://hotel.meituan.com/40858305/,40858305
https://hotel.meituan.com/193694578/,193694578
https://hotel.meituan.com/193564480/,193564480
https://hotel.meituan.com/98704224/,98704224
https://hotel.meituan.com/41843398/,41843398
https://hotel.meituan.com/192704791/,192704791
https://hotel.meituan.com/194047894/,194047894
https://hotel.meituan.com/192590731/,192590731
https://hotel.meituan.com/88061589/,88061589
https://hotel.meituan.com/179437822/,179437822
https://hotel.meituan.com/190506872/,190506872
https://hotel.meituan.com/192495993/,192495993
https://hotel.meituan.com/189265450/,189265450
https://hotel.meituan.com/168924877/,168924877
https://hotel.meituan.com/95225512/,95225512
https://hotel.meituan.com/182071805/,182071805
https://hotel.meituan.com/671078/,671078
https://hotel.meituan.com/184781421/,184781421
https://hotel.meituan.com/189981043/,189981043
https://hotel.meituan.com/185894811/,185894811
https://hotel.meituan.com/195611966/,195611966
https://hotel.meituan.com/98896988/,98896988
https://hotel.meituan.com/4094588/,4094588
https://hotel.meituan.com/6534240/,6534240
https://hotel.meituan.com/110154084/,110154084
https://hotel.meituan.com/193685324/,193685324
https://hotel.meituan.com/159456729/,159456729
https://hotel.meituan.com/165344427/,165344427
https://hotel.meituan.com/182527090/,182527090
https://hotel.meituan.com/5707947/,5707947
https://hotel.meituan.com/1506586/,1506586
https://hotel.meituan.com/184169481/,184169481
https://hotel.meituan.com/184034946/,184034946
https://hotel.meituan.com/193597169/,193597169
https://hotel.meituan.com/177921445/,177921445
https://hotel.meituan.com/194719314/,194719314
https://hotel.meituan.com/193823531/,193823531
https://hotel.meituan.com/182525725/,182525725
https://hotel.meituan.com/193537183/,193537183
https://hotel.meituan.com/107724461/,107724461
