id,url
168474535,https://hotel.meituan.com/168474535/
42352865,https://hotel.meituan.com/42352865/
112012470,https://hotel.meituan.com/112012470/
191126055,https://hotel.meituan.com/191126055/
186800426,https://hotel.meituan.com/186800426/
194288558,https://hotel.meituan.com/194288558/
174905253,https://hotel.meituan.com/174905253/
177770299,https://hotel.meituan.com/177770299/
184763398,https://hotel.meituan.com/184763398/
177472629,https://hotel.meituan.com/177472629/
182585244,https://hotel.meituan.com/182585244/
917471897,https://hotel.meituan.com/917471897/
184923721,https://hotel.meituan.com/184923721/
189920477,https://hotel.meituan.com/189920477/
194647668,https://hotel.meituan.com/194647668/
192295827,https://hotel.meituan.com/192295827/
191123281,https://hotel.meituan.com/191123281/
191143151,https://hotel.meituan.com/191143151/
659325963,https://hotel.meituan.com/659325963/
185176066,https://hotel.meituan.com/185176066/
191126053,https://hotel.meituan.com/191126053/
194436750,https://hotel.meituan.com/194436750/
179298295,https://hotel.meituan.com/179298295/
187881007,https://hotel.meituan.com/187881007/
114740346,https://hotel.meituan.com/114740346/
157192397,https://hotel.meituan.com/157192397/
194925637,https://hotel.meituan.com/194925637/
191749782,https://hotel.meituan.com/191749782/
189995460,https://hotel.meituan.com/189995460/
180044061,https://hotel.meituan.com/180044061/
191142155,https://hotel.meituan.com/191142155/
191129604,https://hotel.meituan.com/191129604/
164110980,https://hotel.meituan.com/164110980/
177685388,https://hotel.meituan.com/177685388/
184931206,https://hotel.meituan.com/184931206/
194510929,https://hotel.meituan.com/194510929/
747648429,https://hotel.meituan.com/747648429/
193648245,https://hotel.meituan.com/193648245/
195878154,https://hotel.meituan.com/195878154/
664332,https://hotel.meituan.com/664332/
3281669,https://hotel.meituan.com/3281669/
71418799,https://hotel.meituan.com/71418799/
2486649,https://hotel.meituan.com/2486649/
90320518,https://hotel.meituan.com/90320518/
678321,https://hotel.meituan.com/678321/
60431704,https://hotel.meituan.com/60431704/
74892414,https://hotel.meituan.com/74892414/
1498264,https://hotel.meituan.com/1498264/
40877760,https://hotel.meituan.com/40877760/
189309460,https://hotel.meituan.com/189309460/
664986,https://hotel.meituan.com/664986/
664894,https://hotel.meituan.com/664894/
2450679,https://hotel.meituan.com/2450679/
658628,https://hotel.meituan.com/658628/
42864513,https://hotel.meituan.com/42864513/
1456931,https://hotel.meituan.com/1456931/
2470299,https://hotel.meituan.com/2470299/
1516486,https://hotel.meituan.com/1516486/
179503051,https://hotel.meituan.com/179503051/
669039,https://hotel.meituan.com/669039/
664911,https://hotel.meituan.com/664911/
1480567,https://hotel.meituan.com/1480567/
674128,https://hotel.meituan.com/674128/
2380988,https://hotel.meituan.com/2380988/
76292170,https://hotel.meituan.com/76292170/
111721805,https://hotel.meituan.com/111721805/
123035469,https://hotel.meituan.com/123035469/
193561627,https://hotel.meituan.com/193561627/
168976733,https://hotel.meituan.com/168976733/
42825525,https://hotel.meituan.com/42825525/
1500564,https://hotel.meituan.com/1500564/
63502586,https://hotel.meituan.com/63502586/
2485579,https://hotel.meituan.com/2485579/
674234,https://hotel.meituan.com/674234/
4284277,https://hotel.meituan.com/4284277/
83076,https://hotel.meituan.com/83076/
664935,https://hotel.meituan.com/664935/
669313,https://hotel.meituan.com/669313/
177216611,https://hotel.meituan.com/177216611/
3301591,https://hotel.meituan.com/3301591/
193627937,https://hotel.meituan.com/193627937/
664950,https://hotel.meituan.com/664950/
670788,https://hotel.meituan.com/670788/
189575148,https://hotel.meituan.com/189575148/
162950791,https://hotel.meituan.com/162950791/
1520060,https://hotel.meituan.com/1520060/
103082146,https://hotel.meituan.com/103082146/
191483754,https://hotel.meituan.com/191483754/
177543477,https://hotel.meituan.com/177543477/
160414094,https://hotel.meituan.com/160414094/
179536189,https://hotel.meituan.com/179536189/
165389004,https://hotel.meituan.com/165389004/
92349597,https://hotel.meituan.com/92349597/
1153811,https://hotel.meituan.com/1153811/
165489555,https://hotel.meituan.com/165489555/
66098697,https://hotel.meituan.com/66098697/
2550519,https://hotel.meituan.com/2550519/
674198,https://hotel.meituan.com/674198/
194451464,https://hotel.meituan.com/194451464/
194494559,https://hotel.meituan.com/194494559/
4840958,https://hotel.meituan.com/4840958/
177397685,https://hotel.meituan.com/177397685/
51189862,https://hotel.meituan.com/51189862/
165856813,https://hotel.meituan.com/165856813/
187860739,https://hotel.meituan.com/187860739/
195032572,https://hotel.meituan.com/195032572/
95250766,https://hotel.meituan.com/95250766/
50084356,https://hotel.meituan.com/50084356/
93270689,https://hotel.meituan.com/93270689/
169435304,https://hotel.meituan.com/169435304/
95123357,https://hotel.meituan.com/95123357/
184217375,https://hotel.meituan.com/184217375/
163445163,https://hotel.meituan.com/163445163/
665957,https://hotel.meituan.com/665957/
192814844,https://hotel.meituan.com/192814844/
6701216,https://hotel.meituan.com/6701216/
175236771,https://hotel.meituan.com/175236771/
169384393,https://hotel.meituan.com/169384393/
179279422,https://hotel.meituan.com/179279422/
85499732,https://hotel.meituan.com/85499732/
169291779,https://hotel.meituan.com/169291779/
947813315,https://hotel.meituan.com/947813315/
41643674,https://hotel.meituan.com/41643674/
42885747,https://hotel.meituan.com/42885747/
124080633,https://hotel.meituan.com/124080633/
1531962,https://hotel.meituan.com/1531962/
1098794,https://hotel.meituan.com/1098794/
72980954,https://hotel.meituan.com/72980954/
1466280,https://hotel.meituan.com/1466280/
664933,https://hotel.meituan.com/664933/
664934,https://hotel.meituan.com/664934/
6298082,https://hotel.meituan.com/6298082/
193107873,https://hotel.meituan.com/193107873/
1390170,https://hotel.meituan.com/1390170/
157751116,https://hotel.meituan.com/157751116/
6686619,https://hotel.meituan.com/6686619/
5692564,https://hotel.meituan.com/5692564/
165639243,https://hotel.meituan.com/165639243/
6167216,https://hotel.meituan.com/6167216/
162662645,https://hotel.meituan.com/162662645/
1027228,https://hotel.meituan.com/1027228/
6253277,https://hotel.meituan.com/6253277/
665818,https://hotel.meituan.com/665818/
70571634,https://hotel.meituan.com/70571634/
165644929,https://hotel.meituan.com/165644929/
163926923,https://hotel.meituan.com/163926923/
63063794,https://hotel.meituan.com/63063794/
2464200,https://hotel.meituan.com/2464200/
187708512,https://hotel.meituan.com/187708512/
5732706,https://hotel.meituan.com/5732706/
177460793,https://hotel.meituan.com/177460793/
1048704,https://hotel.meituan.com/1048704/
40112295,https://hotel.meituan.com/40112295/
77027846,https://hotel.meituan.com/77027846/
159262037,https://hotel.meituan.com/159262037/
1169547,https://hotel.meituan.com/1169547/
4894482,https://hotel.meituan.com/4894482/
159871605,https://hotel.meituan.com/159871605/
194800188,https://hotel.meituan.com/194800188/
5146753,https://hotel.meituan.com/5146753/
41158445,https://hotel.meituan.com/41158445/
152782091,https://hotel.meituan.com/152782091/
179344895,https://hotel.meituan.com/179344895/
4911939,https://hotel.meituan.com/4911939/
163227079,https://hotel.meituan.com/163227079/
664927,https://hotel.meituan.com/664927/
67895,https://hotel.meituan.com/67895/
96755959,https://hotel.meituan.com/96755959/
79035105,https://hotel.meituan.com/79035105/
3280423,https://hotel.meituan.com/3280423/
4304699,https://hotel.meituan.com/4304699/
64028337,https://hotel.meituan.com/64028337/
66516653,https://hotel.meituan.com/66516653/
1511559,https://hotel.meituan.com/1511559/
668662,https://hotel.meituan.com/668662/
193945930,https://hotel.meituan.com/193945930/
192238001,https://hotel.meituan.com/192238001/
665023,https://hotel.meituan.com/665023/
81608691,https://hotel.meituan.com/81608691/
177749608,https://hotel.meituan.com/177749608/
674072,https://hotel.meituan.com/674072/
4454318,https://hotel.meituan.com/4454318/
52317974,https://hotel.meituan.com/52317974/
1506973,https://hotel.meituan.com/1506973/
6002276,https://hotel.meituan.com/6002276/
664978,https://hotel.meituan.com/664978/
71102663,https://hotel.meituan.com/71102663/
4132738,https://hotel.meituan.com/4132738/
150567473,https://hotel.meituan.com/150567473/
664939,https://hotel.meituan.com/664939/
664931,https://hotel.meituan.com/664931/
6846502,https://hotel.meituan.com/6846502/
682774,https://hotel.meituan.com/682774/
98791561,https://hotel.meituan.com/98791561/
70369644,https://hotel.meituan.com/70369644/
4943712,https://hotel.meituan.com/4943712/
6072375,https://hotel.meituan.com/6072375/
86496,https://hotel.meituan.com/86496/
2386920,https://hotel.meituan.com/2386920/
96721625,https://hotel.meituan.com/96721625/
664983,https://hotel.meituan.com/664983/
1079017,https://hotel.meituan.com/1079017/
87626775,https://hotel.meituan.com/87626775/
664924,https://hotel.meituan.com/664924/
6377006,https://hotel.meituan.com/6377006/
150096597,https://hotel.meituan.com/150096597/
4607215,https://hotel.meituan.com/4607215/
42494874,https://hotel.meituan.com/42494874/
182026952,https://hotel.meituan.com/182026952/
181452793,https://hotel.meituan.com/181452793/
1550883,https://hotel.meituan.com/1550883/
1489266,https://hotel.meituan.com/1489266/
182127531,https://hotel.meituan.com/182127531/
40722426,https://hotel.meituan.com/40722426/
165575947,https://hotel.meituan.com/165575947/
154113214,https://hotel.meituan.com/154113214/
1467766,https://hotel.meituan.com/1467766/
195843259,https://hotel.meituan.com/195843259/
185830051,https://hotel.meituan.com/185830051/
195143806,https://hotel.meituan.com/195143806/
6212203,https://hotel.meituan.com/6212203/
193854705,https://hotel.meituan.com/193854705/
191389769,https://hotel.meituan.com/191389769/
158952928,https://hotel.meituan.com/158952928/
91389900,https://hotel.meituan.com/91389900/
52090368,https://hotel.meituan.com/52090368/
5472476,https://hotel.meituan.com/5472476/
182087050,https://hotel.meituan.com/182087050/
70436097,https://hotel.meituan.com/70436097/
6971671,https://hotel.meituan.com/6971671/
158804818,https://hotel.meituan.com/158804818/
4449804,https://hotel.meituan.com/4449804/
6799561,https://hotel.meituan.com/6799561/
665019,https://hotel.meituan.com/665019/
79250473,https://hotel.meituan.com/79250473/
108967061,https://hotel.meituan.com/108967061/
668866,https://hotel.meituan.com/668866/
156852232,https://hotel.meituan.com/156852232/
175258446,https://hotel.meituan.com/175258446/
3258912,https://hotel.meituan.com/3258912/
95676866,https://hotel.meituan.com/95676866/
1521132,https://hotel.meituan.com/1521132/
181427772,https://hotel.meituan.com/181427772/
159524027,https://hotel.meituan.com/159524027/
175497668,https://hotel.meituan.com/175497668/
95496185,https://hotel.meituan.com/95496185/
674273,https://hotel.meituan.com/674273/
191493214,https://hotel.meituan.com/191493214/
80885884,https://hotel.meituan.com/80885884/
665021,https://hotel.meituan.com/665021/
2584712,https://hotel.meituan.com/2584712/
664937,https://hotel.meituan.com/664937/
52164954,https://hotel.meituan.com/52164954/
669253,https://hotel.meituan.com/669253/
19162,https://hotel.meituan.com/19162/
90158962,https://hotel.meituan.com/90158962/
184273698,https://hotel.meituan.com/184273698/
4157154,https://hotel.meituan.com/4157154/
6450740,https://hotel.meituan.com/6450740/
4928810,https://hotel.meituan.com/4928810/
6424510,https://hotel.meituan.com/6424510/
164059115,https://hotel.meituan.com/164059115/
193609761,https://hotel.meituan.com/193609761/
50693362,https://hotel.meituan.com/50693362/
2536476,https://hotel.meituan.com/2536476/
178867078,https://hotel.meituan.com/178867078/
3256021,https://hotel.meituan.com/3256021/
63775402,https://hotel.meituan.com/63775402/
81680216,https://hotel.meituan.com/81680216/
1153482,https://hotel.meituan.com/1153482/
112139862,https://hotel.meituan.com/112139862/
676441,https://hotel.meituan.com/676441/
150634759,https://hotel.meituan.com/150634759/
157339591,https://hotel.meituan.com/157339591/
109981792,https://hotel.meituan.com/109981792/
664928,https://hotel.meituan.com/664928/
42465974,https://hotel.meituan.com/42465974/
161815095,https://hotel.meituan.com/161815095/
2450259,https://hotel.meituan.com/2450259/
1418130,https://hotel.meituan.com/1418130/
6596899,https://hotel.meituan.com/6596899/
6454013,https://hotel.meituan.com/6454013/
42000782,https://hotel.meituan.com/42000782/
87483275,https://hotel.meituan.com/87483275/
92701780,https://hotel.meituan.com/92701780/
189771889,https://hotel.meituan.com/189771889/
2459757,https://hotel.meituan.com/2459757/
164595291,https://hotel.meituan.com/164595291/
177718999,https://hotel.meituan.com/177718999/
674012,https://hotel.meituan.com/674012/
40285884,https://hotel.meituan.com/40285884/
102480596,https://hotel.meituan.com/102480596/
6277026,https://hotel.meituan.com/6277026/
1496539,https://hotel.meituan.com/1496539/
191378964,https://hotel.meituan.com/191378964/
174385030,https://hotel.meituan.com/174385030/
40473667,https://hotel.meituan.com/40473667/
5074490,https://hotel.meituan.com/5074490/
1419281,https://hotel.meituan.com/1419281/
664810,https://hotel.meituan.com/664810/
40137888,https://hotel.meituan.com/40137888/
2466141,https://hotel.meituan.com/2466141/
4293012,https://hotel.meituan.com/4293012/
164686328,https://hotel.meituan.com/164686328/
60264057,https://hotel.meituan.com/60264057/
165828567,https://hotel.meituan.com/165828567/
668362,https://hotel.meituan.com/668362/
4455531,https://hotel.meituan.com/4455531/
191364545,https://hotel.meituan.com/191364545/
150564203,https://hotel.meituan.com/150564203/
174947402,https://hotel.meituan.com/174947402/
2529458,https://hotel.meituan.com/2529458/
2602348,https://hotel.meituan.com/2602348/
150567358,https://hotel.meituan.com/150567358/
41919892,https://hotel.meituan.com/41919892/
68255945,https://hotel.meituan.com/68255945/
93295011,https://hotel.meituan.com/93295011/
52652303,https://hotel.meituan.com/52652303/
664972,https://hotel.meituan.com/664972/
95718126,https://hotel.meituan.com/95718126/
41773554,https://hotel.meituan.com/41773554/
5271959,https://hotel.meituan.com/5271959/
674083,https://hotel.meituan.com/674083/
95875275,https://hotel.meituan.com/95875275/
163537076,https://hotel.meituan.com/163537076/
160571351,https://hotel.meituan.com/160571351/
178018340,https://hotel.meituan.com/178018340/
6752409,https://hotel.meituan.com/6752409/
178814959,https://hotel.meituan.com/178814959/
99533326,https://hotel.meituan.com/99533326/
93932713,https://hotel.meituan.com/93932713/
181427939,https://hotel.meituan.com/181427939/
161890130,https://hotel.meituan.com/161890130/
5712707,https://hotel.meituan.com/5712707/
192590788,https://hotel.meituan.com/192590788/
42242519,https://hotel.meituan.com/42242519/
185198655,https://hotel.meituan.com/185198655/
163571862,https://hotel.meituan.com/163571862/
106360714,https://hotel.meituan.com/106360714/
5082448,https://hotel.meituan.com/5082448/
115829206,https://hotel.meituan.com/115829206/
110291191,https://hotel.meituan.com/110291191/
164961995,https://hotel.meituan.com/164961995/
114000901,https://hotel.meituan.com/114000901/
179111534,https://hotel.meituan.com/179111534/
1512864,https://hotel.meituan.com/1512864/
165769886,https://hotel.meituan.com/165769886/
97333620,https://hotel.meituan.com/97333620/
105118095,https://hotel.meituan.com/105118095/
191102707,https://hotel.meituan.com/191102707/
162727641,https://hotel.meituan.com/162727641/
194635844,https://hotel.meituan.com/194635844/
193652967,https://hotel.meituan.com/193652967/
5333176,https://hotel.meituan.com/5333176/
111688166,https://hotel.meituan.com/111688166/
6400262,https://hotel.meituan.com/6400262/
158946529,https://hotel.meituan.com/158946529/
40685092,https://hotel.meituan.com/40685092/
1487434,https://hotel.meituan.com/1487434/
70015,https://hotel.meituan.com/70015/
5986605,https://hotel.meituan.com/5986605/
2463043,https://hotel.meituan.com/2463043/
165834909,https://hotel.meituan.com/165834909/
177672922,https://hotel.meituan.com/177672922/
666595,https://hotel.meituan.com/666595/
51102382,https://hotel.meituan.com/51102382/
100397020,https://hotel.meituan.com/100397020/
160801727,https://hotel.meituan.com/160801727/
152567497,https://hotel.meituan.com/152567497/
41311349,https://hotel.meituan.com/41311349/
164546761,https://hotel.meituan.com/164546761/
165604199,https://hotel.meituan.com/165604199/
42921090,https://hotel.meituan.com/42921090/
4767548,https://hotel.meituan.com/4767548/
2437746,https://hotel.meituan.com/2437746/
42552731,https://hotel.meituan.com/42552731/
90018447,https://hotel.meituan.com/90018447/
94722389,https://hotel.meituan.com/94722389/
157120517,https://hotel.meituan.com/157120517/
157210020,https://hotel.meituan.com/157210020/
164933449,https://hotel.meituan.com/164933449/
4513288,https://hotel.meituan.com/4513288/
154977910,https://hotel.meituan.com/154977910/
3299215,https://hotel.meituan.com/3299215/
52125571,https://hotel.meituan.com/52125571/
160585886,https://hotel.meituan.com/160585886/
5593715,https://hotel.meituan.com/5593715/
159798677,https://hotel.meituan.com/159798677/
6113966,https://hotel.meituan.com/6113966/
159671311,https://hotel.meituan.com/159671311/
165796036,https://hotel.meituan.com/165796036/
41971135,https://hotel.meituan.com/41971135/
165031631,https://hotel.meituan.com/165031631/
6362875,https://hotel.meituan.com/6362875/
163222626,https://hotel.meituan.com/163222626/
4480402,https://hotel.meituan.com/4480402/
2543597,https://hotel.meituan.com/2543597/
92888367,https://hotel.meituan.com/92888367/
6598530,https://hotel.meituan.com/6598530/
6569000,https://hotel.meituan.com/6569000/
182485742,https://hotel.meituan.com/182485742/
108108955,https://hotel.meituan.com/108108955/
187188956,https://hotel.meituan.com/187188956/
4415825,https://hotel.meituan.com/4415825/
194425102,https://hotel.meituan.com/194425102/
192662683,https://hotel.meituan.com/192662683/
183976040,https://hotel.meituan.com/183976040/
51302167,https://hotel.meituan.com/51302167/
163157968,https://hotel.meituan.com/163157968/
192550245,https://hotel.meituan.com/192550245/
192131181,https://hotel.meituan.com/192131181/
193914352,https://hotel.meituan.com/193914352/
193155452,https://hotel.meituan.com/193155452/
193751590,https://hotel.meituan.com/193751590/
193398580,https://hotel.meituan.com/193398580/
192230165,https://hotel.meituan.com/192230165/
193925914,https://hotel.meituan.com/193925914/
188104783,https://hotel.meituan.com/188104783/
178135237,https://hotel.meituan.com/178135237/
100276368,https://hotel.meituan.com/100276368/
193979949,https://hotel.meituan.com/193979949/
195860053,https://hotel.meituan.com/195860053/
195951156,https://hotel.meituan.com/195951156/
191469874,https://hotel.meituan.com/191469874/
193893560,https://hotel.meituan.com/193893560/
194781396,https://hotel.meituan.com/194781396/
182658605,https://hotel.meituan.com/182658605/
195038582,https://hotel.meituan.com/195038582/
4187935,https://hotel.meituan.com/4187935/
195036831,https://hotel.meituan.com/195036831/
191130406,https://hotel.meituan.com/191130406/
1536461731,https://hotel.meituan.com/1536461731/
105758214,https://hotel.meituan.com/105758214/
51414976,https://hotel.meituan.com/51414976/
114694559,https://hotel.meituan.com/114694559/
1536200,https://hotel.meituan.com/1536200/
97334775,https://hotel.meituan.com/97334775/
194702709,https://hotel.meituan.com/194702709/
193753035,https://hotel.meituan.com/193753035/
51913471,https://hotel.meituan.com/51913471/
191378586,https://hotel.meituan.com/191378586/
682857,https://hotel.meituan.com/682857/
6886605,https://hotel.meituan.com/6886605/
150345964,https://hotel.meituan.com/150345964/
103340612,https://hotel.meituan.com/103340612/
182606063,https://hotel.meituan.com/182606063/
6348701,https://hotel.meituan.com/6348701/
185074074,https://hotel.meituan.com/185074074/
182077317,https://hotel.meituan.com/182077317/
150591234,https://hotel.meituan.com/150591234/
156768971,https://hotel.meituan.com/156768971/
115070252,https://hotel.meituan.com/115070252/
177391998,https://hotel.meituan.com/177391998/
2395770,https://hotel.meituan.com/2395770/
175072918,https://hotel.meituan.com/175072918/
191117531,https://hotel.meituan.com/191117531/
101800407,https://hotel.meituan.com/101800407/
193857453,https://hotel.meituan.com/193857453/
194510750,https://hotel.meituan.com/194510750/
192999667,https://hotel.meituan.com/192999667/
195575664,https://hotel.meituan.com/195575664/
192651886,https://hotel.meituan.com/192651886/
40231226,https://hotel.meituan.com/40231226/
188943979,https://hotel.meituan.com/188943979/
41428319,https://hotel.meituan.com/41428319/
6564712,https://hotel.meituan.com/6564712/
4954019,https://hotel.meituan.com/4954019/
177931803,https://hotel.meituan.com/177931803/
186037799,https://hotel.meituan.com/186037799/
159445185,https://hotel.meituan.com/159445185/
42410609,https://hotel.meituan.com/42410609/
152511443,https://hotel.meituan.com/152511443/
67623930,https://hotel.meituan.com/67623930/
187314551,https://hotel.meituan.com/187314551/
2387275,https://hotel.meituan.com/2387275/
4936108,https://hotel.meituan.com/4936108/
191511455,https://hotel.meituan.com/191511455/
42571666,https://hotel.meituan.com/42571666/
163046087,https://hotel.meituan.com/163046087/
175139905,https://hotel.meituan.com/175139905/
110647819,https://hotel.meituan.com/110647819/
150375159,https://hotel.meituan.com/150375159/
4261410,https://hotel.meituan.com/4261410/
114509170,https://hotel.meituan.com/114509170/
168985497,https://hotel.meituan.com/168985497/
3248408,https://hotel.meituan.com/3248408/
683219,https://hotel.meituan.com/683219/
171755568,https://hotel.meituan.com/171755568/
4746298,https://hotel.meituan.com/4746298/
93066258,https://hotel.meituan.com/93066258/
165526683,https://hotel.meituan.com/165526683/
90204997,https://hotel.meituan.com/90204997/
108480224,https://hotel.meituan.com/108480224/
165683308,https://hotel.meituan.com/165683308/
97100279,https://hotel.meituan.com/97100279/
157352577,https://hotel.meituan.com/157352577/
193898304,https://hotel.meituan.com/193898304/
190413105,https://hotel.meituan.com/190413105/
158697067,https://hotel.meituan.com/158697067/
4620110,https://hotel.meituan.com/4620110/
195877722,https://hotel.meituan.com/195877722/
191460742,https://hotel.meituan.com/191460742/
165742994,https://hotel.meituan.com/165742994/
6630369,https://hotel.meituan.com/6630369/
182489047,https://hotel.meituan.com/182489047/
193889443,https://hotel.meituan.com/193889443/
118857143,https://hotel.meituan.com/118857143/
5268427,https://hotel.meituan.com/5268427/
182075173,https://hotel.meituan.com/182075173/
190846696,https://hotel.meituan.com/190846696/
191235158,https://hotel.meituan.com/191235158/
179108255,https://hotel.meituan.com/179108255/
192591435,https://hotel.meituan.com/192591435/
188400943,https://hotel.meituan.com/188400943/
193630186,https://hotel.meituan.com/193630186/
193647676,https://hotel.meituan.com/193647676/
191120103,https://hotel.meituan.com/191120103/
191114549,https://hotel.meituan.com/191114549/
191125251,https://hotel.meituan.com/191125251/
162882805,https://hotel.meituan.com/162882805/
93183585,https://hotel.meituan.com/93183585/
5245023,https://hotel.meituan.com/5245023/
102932261,https://hotel.meituan.com/102932261/
41288537,https://hotel.meituan.com/41288537/
160173526,https://hotel.meituan.com/160173526/
193588363,https://hotel.meituan.com/193588363/
664225,https://hotel.meituan.com/664225/
193893421,https://hotel.meituan.com/193893421/
185447362,https://hotel.meituan.com/185447362/
118117026,https://hotel.meituan.com/118117026/
178858188,https://hotel.meituan.com/178858188/
190633141,https://hotel.meituan.com/190633141/
186115103,https://hotel.meituan.com/186115103/
175490670,https://hotel.meituan.com/175490670/
187859161,https://hotel.meituan.com/187859161/
187076250,https://hotel.meituan.com/187076250/
191120868,https://hotel.meituan.com/191120868/
178775196,https://hotel.meituan.com/178775196/
1511666,https://hotel.meituan.com/1511666/
161063018,https://hotel.meituan.com/161063018/
179194875,https://hotel.meituan.com/179194875/
182124787,https://hotel.meituan.com/182124787/
183962654,https://hotel.meituan.com/183962654/
194635131,https://hotel.meituan.com/194635131/
193877630,https://hotel.meituan.com/193877630/
184048268,https://hotel.meituan.com/184048268/
42803843,https://hotel.meituan.com/42803843/
6441659,https://hotel.meituan.com/6441659/
192088406,https://hotel.meituan.com/192088406/
190580537,https://hotel.meituan.com/190580537/
191505221,https://hotel.meituan.com/191505221/
177829105,https://hotel.meituan.com/177829105/
1720536720,https://hotel.meituan.com/1720536720/
2465366,https://hotel.meituan.com/2465366/
175329030,https://hotel.meituan.com/175329030/
193302559,https://hotel.meituan.com/193302559/
1114619430,https://hotel.meituan.com/1114619430/
194363891,https://hotel.meituan.com/194363891/
40093070,https://hotel.meituan.com/40093070/
181743029,https://hotel.meituan.com/181743029/
4056026,https://hotel.meituan.com/4056026/
63204690,https://hotel.meituan.com/63204690/
157836783,https://hotel.meituan.com/157836783/
170544325,https://hotel.meituan.com/170544325/
538966395,https://hotel.meituan.com/538966395/
96820922,https://hotel.meituan.com/96820922/
1570939,https://hotel.meituan.com/1570939/
157102828,https://hotel.meituan.com/157102828/
98590025,https://hotel.meituan.com/98590025/
6568608,https://hotel.meituan.com/6568608/
91514728,https://hotel.meituan.com/91514728/
664696,https://hotel.meituan.com/664696/
93923599,https://hotel.meituan.com/93923599/
164109884,https://hotel.meituan.com/164109884/
97763599,https://hotel.meituan.com/97763599/
671295,https://hotel.meituan.com/671295/
2529458,https://hotel.meituan.com/2529458/
664810,https://hotel.meituan.com/664810/
1419281,https://hotel.meituan.com/1419281/
4293012,https://hotel.meituan.com/4293012/
164686328,https://hotel.meituan.com/164686328/
60264057,https://hotel.meituan.com/60264057/
68255945,https://hotel.meituan.com/68255945/
668362,https://hotel.meituan.com/668362/
52652303,https://hotel.meituan.com/52652303/
4455531,https://hotel.meituan.com/4455531/
2466141,https://hotel.meituan.com/2466141/
4646001,https://hotel.meituan.com/4646001/
2602348,https://hotel.meituan.com/2602348/
5074490,https://hotel.meituan.com/5074490/
41919892,https://hotel.meituan.com/41919892/
165828567,https://hotel.meituan.com/165828567/
51257435,https://hotel.meituan.com/51257435/
4960236,https://hotel.meituan.com/4960236/
93295011,https://hotel.meituan.com/93295011/
664972,https://hotel.meituan.com/664972/
41773554,https://hotel.meituan.com/41773554/
674083,https://hotel.meituan.com/674083/
5271959,https://hotel.meituan.com/5271959/
40137888,https://hotel.meituan.com/40137888/
163537076,https://hotel.meituan.com/163537076/
160571351,https://hotel.meituan.com/160571351/
102480596,https://hotel.meituan.com/102480596/
178814959,https://hotel.meituan.com/178814959/
174947402,https://hotel.meituan.com/174947402/
6752409,https://hotel.meituan.com/6752409/
